company_name,email,website,city,source
Best Roofing Kansas City,bestroofingkc@gmail.com,https://bestroofinginkansascity.com/,Kansas City,approved_batch_01
Roof Check Contracting,office@roofcheckcontracting.com,https://www.goroofcheck.com/,Kansas City,approved_batch_01
Noble General Contracting LLC/Noble Roofing,noblegencon@gmail.com,http://www.noblecontractingkc.com/,Kansas City,approved_batch_01
JZA Concrete LLC,jzaconcrete@outlook.com,https://jzaconcrete.com/,Kansas City,approved_batch_01
Sunshine Deck n Fence,sunshinedecknfence@gmail.com,http://sunshinedeck.com/,Kansas City,approved_batch_01
Great Plains Tree Care,greatplainstreecare@gmail.com,https://greatplainstreecare.com/,Omaha,approved_batch_01
"Tree Doctor of Kansas City, LLC",lawnandtree@martzbros.com,http://www.treedoctorkc.com/,Kansas City,approved_batch_01
RC Tree Service,rctreeservicekc@gmail.com,https://www.rctreeservicekc.com/,Kansas City,approved_batch_01
"Murphy & Sons Roofing, Inc",murphyroofing@kc.rr.com,https://www.murphyroofing.com/,Kansas City,approved_batch_01
Anthem Concrete Coatings,jshonamon@anthemconcretecoatings.com,https://www.anthemconcretecoatings.com/,Kansas City,approved_batch_01
