company_name,email,website,city,source
Eden Tree Service,edentreeservicekc@live.com,http://edentreeservicekc.com/,Kansas City,google_maps_auto_scrape
K. C. Arborist,info@kcarborist.com,http://www.kcarborist.com/,Kansas City,google_maps_auto_scrape
Reliable Tree Care and Removal,info@reliablestl.com,http://reliablestl.com/,St Louis,google_maps_auto_scrape
Jackson Tree Service,info@jacksontreestl.com,https://jacksontreestl.com/?utm_source=google&utm_medium=gmb&utm_campaign=google_listing,St Louis,google_maps_auto_scrape
Meyer Tree Service,info@meyertreecare.com,https://www.meyertreecare.com/,St Louis,google_maps_auto_scrape
"M&A Tree Service, Construction And Landscaping",hello@rfuenzalida.com,https://matreeservicelandscaping.com/?utm_campaign=gmb,Omaha,google_maps_auto_scrape
Cisneros Tree Service,info@cisnerostreeservice.com,http://www.cisnerostreeservice.com/,Omaha,google_maps_auto_scrape
Sunworks Tree Services,sunworks@cox.net,http://www.sunworkslawns.com/,Omaha,google_maps_auto_scrape
Marv’s Tree Service,trish@marvstreeservice.com,http://marvstreeservice.com/,Omaha,google_maps_auto_scrape
American Arborist,info@americanarborist.biz,http://www.americanarborist.biz/,Omaha,google_maps_auto_scrape
Rooted Tree Specialists,amy@rootedtreespecialist.com,http://www.rootedtreespecialist.com/,Omaha,google_maps_auto_scrape
B&B Tree Company,brian@bandbtreecompany.com,http://bandbtreecompany.com/,Wichita,google_maps_auto_scrape
Curtis Thompson's Tree Service,sthom42754@aol.com,http://curtisthompsontreeservice.com/,Wichita,google_maps_auto_scrape
